{
  "Soft Factors": {
    "soft_Environmental_combined_score": {
      "count": 1503.0,
      "mean": 0.9694342719894234,
      "std": 0.10321352613342859,
      "min": 0.0,
      "25%": 0.9637394244193356,
      "50%": 0.9994395466919439,
      "75%": 1.0,
      "max": 1.0
    },
    "soft_Social_combined_score": {
      "count": 1503.0,
      "mean": 0.9685385931758789,
      "std": 0.09519075400841945,
      "min": 0.0,
      "25%": 0.961634220874247,
      "50%": 0.996996414835821,
      "75%": 1.0,
      "max": 1.0
    },
    "soft_Governance_combined_score": {
      "count": 1503.0,
      "mean": 0.9768183481542531,
      "std": 0.05123659533547647,
      "min": 0.0,
      "25%": 0.9647512994501135,
      "50%": 0.9994350544213939,
      "75%": 1.0,
      "max": 1.0
    },
    "soft_overall": {
      "count": 1503.0,
      "mean": 0.9715970711065185,
      "std": 0.07416757081138724,
      "min": 0.02731813006538487,
      "25%": 0.9686420775754627,
      "50%": 0.981848304960871,
      "75%": 0.9939530524899254,
      "max": 1.0
    }
  },
  "Hard Factors": {
    "hard_Environmental": {
      "count": 1503.0,
      "mean": 0.4996618401755995,
      "std": 0.23203490432404852,
      "min": 0.10026798296917123,
      "25%": 0.30005677336633907,
      "50%": 0.505266623586912,
      "75%": 0.6978060467132716,
      "max": 0.8999223497409378
    },
    "hard_Social": {
      "count": 1503.0,
      "mean": 0.5008001267129715,
      "std": 0.22998774326547983,
      "min": 0.10024624110737666,
      "25%": 0.3012214843049793,
      "50%": 0.5055753493233349,
      "75%": 0.6897087454731767,
      "max": 0.8989393993109521
    },
    "hard_Governance": {
      "count": 1503.0,
      "mean": 0.501397492657285,
      "std": 0.2291364091931987,
      "min": 0.1006062977329318,
      "25%": 0.3060659866617732,
      "50%": 0.505790608262282,
      "75%": 0.6979336195876835,
      "max": 0.8985615243393926
    },
    "hard_overall": {
      "count": 1503.0,
      "mean": 0.5006198198486186,
      "std": 0.13347004529169898,
      "min": 0.11923173587478081,
      "25%": 0.411262700256237,
      "50%": 0.5016187953431315,
      "75%": 0.5933450121188242,
      "max": 0.8600117057610627
    }
  }
}