{
  "Soft Factors": {
    "soft_Environmental_combined_score": {
      "count": 1503.0,
      "mean": 0.9681475511772883,
      "std": 0.10283076764380955,
      "min": 0.0,
      "25%": 0.9614456686556834,
      "50%": 0.9980656350319816,
      "75%": 1.0,
      "max": 1.0
    },
    "soft_Social_combined_score": {
      "count": 1503.0,
      "mean": 0.9708030337996573,
      "std": 0.09350756762693178,
      "min": 0.0,
      "25%": 0.967033716000972,
      "50%": 1.0,
      "75%": 1.0,
      "max": 1.0
    },
    "soft_Governance_combined_score": {
      "count": 1503.0,
      "mean": 0.977928748438966,
      "std": 0.049445875337810266,
      "min": 0.0,
      "25%": 0.9680000363009623,
      "50%": 1.0,
      "75%": 1.0,
      "max": 1.0
    },
    "soft_overall": {
      "count": 1503.0,
      "mean": 0.9722931111386373,
      "std": 0.07266170596101898,
      "min": 0.023406695767733587,
      "25%": 0.9699512617328987,
      "50%": 0.9823739601962932,
      "75%": 0.9936398108195768,
      "max": 1.0
    }
  },
  "Hard Factors": {
    "hard_Environmental": {
      "count": 1503.0,
      "mean": 0.49736460147106953,
      "std": 0.22983820404222088,
      "min": 0.10068932043175219,
      "25%": 0.2903253428243869,
      "50%": 0.502007699178077,
      "75%": 0.6907086419052832,
      "max": 0.899385638234507
    },
    "hard_Social": {
      "count": 1503.0,
      "mean": 0.5002669084364451,
      "std": 0.2316519394777971,
      "min": 0.10001829978469462,
      "25%": 0.29651895045362336,
      "50%": 0.5030941127870447,
      "75%": 0.6958412500404816,
      "max": 0.8992197715509017
    },
    "hard_Governance": {
      "count": 1503.0,
      "mean": 0.49548186092937047,
      "std": 0.23465846834520812,
      "min": 0.1001610540971205,
      "25%": 0.29167807471103474,
      "50%": 0.5005495286935318,
      "75%": 0.70053496799614,
      "max": 0.8988068927039382
    },
    "hard_overall": {
      "count": 1503.0,
      "mean": 0.49770445694562837,
      "std": 0.13079706965769303,
      "min": 0.1236389462369633,
      "25%": 0.40476156168716515,
      "50%": 0.4984574787729805,
      "75%": 0.5912381962330865,
      "max": 0.8635507287711698
    }
  }
}